<?xml version="1.0" encoding="UTF-8"?>
<beans xmlns="http://www.springframework.org/schema/beans"
	xmlns:xsi="http://www.w3.org/2001/XMLSchema-instance"
	xmlns:context="http://www.springframework.org/schema/context"
	xmlns:aop="http://www.springframework.org/schema/aop"
	xsi:schemaLocation="http://www.springframework.org/schema/beans http://www.springframework.org/schema/beans/spring-beans.xsd
		http://www.springframework.org/schema/context http://www.springframework.org/schema/context/spring-context-4.3.xsd
		http://www.springframework.org/schema/aop http://www.springframework.org/schema/aop/spring-aop-4.3.xsd">
	           
	<context:component-scan base-package="com.springbook.biz" />
	
	<aop:aspectj-autoproxy></aop:aspectj-autoproxy>
	
	<!-- DataSoruce 설정 -->
	<context:property-placeholder location="classpath:database.properties"/>	
	
	<bean id="dataSource" class="org.apache.commons.dbcp.BasicDataSource"
	                                         destroy-method="close">
		<property name="dirverClassName" value="${jdbc.driver}" />
		<property name="url" value="${jdbc.url}" />
		<property name="username" value="${jdbc.username}" />
		<property name="password" value="${jdbc.password}" />			                                         
    </bean>	
</beans>
