<?xml version="1.0" encoding="UTF-8"?>
<!DOCTYPE mapper
        PUBLIC "-//mybatis.org//DTD Mapper 3.0//EN"
        "http://mybatis.org/dtd/mybatis-3-mapper.dtd">
<mapper namespace="org.zerock.mapper.BoardMapper">
<select id="getList" resultType="org.zerock.domain.BoardVO">
<![CDATA[

	select * from tbl_board where bno > 1

]]>
</select>

<insert id="insert">
	insert into tbl_board(bno, title, content, writer)
	values (seq_board.nextval, #{title}, #{content}, #{writer})
</insert>

<insert id="insertSelectKey">
	<selectKey keyProperty="bno" order="BEFORE" resultType="long">
		select seq_board.nextval from dual
	</selectKey>
	
	insert into tbl_board (bno, title, content, writer)
	value ("#{bno}, #{title}, #{content}, #{writer})
</insert>




</mapper>