<?xml version="1.0" encoding="UTF-8"?>
<beans xmlns="http://www.springframework.org/schema/beans"
	xmlns:xsi="http://www.w3.org/2001/XMLSchema-instance"
	xmlns:context="http://www.springframework.org/schema/context"
	xsi:schemaLocation="http://www.springframework.org/schema/beans https://www.springframework.org/schema/beans/spring-beans.xsd
		http://www.springframework.org/schema/context http://www.springframework.org/schema/context/spring-context-4.3.xsd">
	
	<!-- Root Context: defines shared resources visible to all other web components -->
	
	<bean id="hikariConfig" class="com.zaxxer.hikari.HikariConfig">
	 <property name="driverClassName"
	   value="oracle.jdbc.driver.OracleDriver"></property>
	 <property name="jdbcUrl"
	   value="jdbc:oracle:thin:@localhost:1521:XE"></property>
	 <property name="username" value="book_ex" />
	 <property name="password" value="book_ex" />
	</bean>
	
	<!-- HikariCP configuration -->
	<bean  id="dataSource" class="com.zaxxer.hikari.HikariDataSource"
	   destroy-method="close">
	<constructor-arg ref="hikariConfig"/>
	</bean>

		
		
	<context:component-scan base-package="org.zerock.sample" />
	
</beans>
